{
    "age": 34,
    "region": {
        "x": 193,
        "y": 166,
        "w": 339,
        "h": 339
    },
    "gender": "Man",
    "race": {
        "asian": 0.0001942371454788372,
        "indian": 0.0027022984795621596,
        "black": 99.99626874923706,
        "white": 1.2210247035682187e-06,
        "middle eastern": 5.848414641462796e-07,
        "latino hispanic": 0.0008353688826900907
    },
    "dominant_race": "black",
    "emotion": {
        "angry": 0.008174098911695182,
        "disgust": 0.0005021512151870411,
        "fear": 0.5243203137069941,
        "happy": 93.44378113746643,
        "sad": 5.457865446805954,
        "surprise": 0.013050816778559238,
        "neutral": 0.5523060914129019
    },
    "dominant_emotion": "happy"
}